{"en":{"lessonDetails_0":"Probability is how likely a given event will occur. We use the values <color=#17e1e8>0</color> and <color=#17e1e8>1</color> to represent the chances of an event happening.\n\n0 means an event is never going to happen, while 1 means an event is guaranteed to happen. A value that's closer to 0 means an event is <color=#17e1e8>unlikely</color> to happen. A value that’s closer to 1 is <color=#17e1e8>likely</color> to happen.\n\nThe value <color=#17e1e8>0.5</color> means that an event is <color=#17e1e8>equally likely or unlikely to occur.</color>","modName_1":"Random Jumps","restartGameButtonText":"Play Again","tip_0":"This card is useful for cancelling 'Move 1/2/3' effects!","board_0":"Standard\n16 spaces","tutorial_encounter":"Encounters","assessmentGame_question1":"<color=#17e1e8>Which one of the 3 dice values has a probability that's closest to 1?</color> Click on the correct value above.\n* If you see 2 correct answers, choose 1 of them.\n* Use the slider below to help you find the answer.","board_5":"R-Pattern\n11 spaces","aiPlayingCard_goHome":"Opponent used Go Home!","assessmentGame_answerEqual":"All three values are equal.","lessonDetails_3":"If the difference between the numerator and denominator is large, then the fraction is a value closer to 0. If the difference is small, then the value is closer to 1.\n\nIf there's a Star Cache with a probability of 1/10, and one with 1/2:\n\n1/10 = 1 chance out of 10 attempts to get a star.\n\n1/2 = 1 chance out of 2 attempts.\n\n1/2 is better since you can obtain a star with fewer tries.","miniLessonDetails_0":"Nice! You landed on a <color=#17e1e8>Star Cache</color> and got yourself a star. The number on the space is called the <color=#19E650>probability</color>, and it will change every time you land on a Star Cache.\n\nProbability can be any value between 0 and 1.","skipCardButtonText":"Don't Use Card","resumeGame":"Resume Game","miniLessonDetails_4":"Cards are used primarily to obtain stars. By moving your mouse cursor over a card, you can view its effects, as well as a hint on how the card might be used.","closeButtonText":"Close","modName_0":"Star-ving","noStar":"NO LUCK...","credit_main":"<color=lightblue>Reach for the Stars</color> - Created by Mike Murray\nking9999.itch.io","exitGameButtonText":"New Game","ability_4":"+1 round this game.","miniLessonDetails_13":"When the visible value is high, the hidden value is more likely to be low.\nWhen the visible value is low, the hidden value is more likely to be high.\n\nBut remember: <color=#17e1e8>'more likely' doesn't mean 'guaranteed'!</color>","encounter_aiPlayingEncounterGame":"Your opponents have encountered each other.","credit_ui":"<color=green>UI Designer</color>\nMike Murray","miniLessonDetails_19":"Correct! You have a solid understanding of probability. On to the next round!","lostTurn":"NO ACTION THIS TURN!","drewCard":"DREW A CARD","lessonDetails_17":"Your goal is to collect more stars than your opponents, either by landing on certain spaces or by taking them from other players.\n\nObtaining a star always involves <color=#17e1e8>probability</color>, which means you may not always get a star when you expect one!\n\nUse dice to move around the board, and cards to help you gain the advantage.","tip_5":"This card only searches in the direction you're travelling.","pieceColor_red":"Red","format_decimal":"Decimal","pieceColor_teal":"Teal","cardName_0":"Swift Movement","miniLessonDetails_9":"An opponent is on your space! Time for a minigame! You're going to see 2 cards; choose whether one card's hidden value is higher or lower than the other card's visible value.","pieceColor_black":"Black","encounter_starsProtected":"STARS PROTECTED!","lessonTitle_9":"Welcome to Reach For The Stars!","miniLessonDetails_14":"By the way, have you tried using this button here? You can change how probability is displayed.\n\nProbability can be viewed as a <color=#17e1e8>decimal, percentage,</color> or <color=#17e1e8>fraction.</color>","assessmentGame_diceProbLabel":"Probability","extraMode_jumpChance":"Jump Chance:","cardName_7":"Jump!","miniLessonDetails_7":"The 'Dice Roll Record' button will let you see how often each value was rolled. Click the button below and have a look!","credits":"Credits","twoPlayers":"1 Opponent","ability_2":"Target player moves 2 spaces, and does not roll the dice this turn.","choosingRoute":"Click on an arrow to choose a route.","assessmentGame_question2":"<color=#17e1e8>Which one of the 3 dice values has a probability that's closest to 0?</color> Click on the correct value above.\n* If you see 2 correct answers, choose 1 of them.\n* Use the slider below to help you find the answer.","board_4":"A-Pattern\n18 spaces","aiChooseRoute":"Opponent is choosing route.","miniLessonDetails_16":"Before you continue playing, let's check your understanding of probability so far. You're going to roll the dice 3 times; the results and their <color=#17e1e8>dice probability</color> will be recorded.","backButtonText":"Back","aiPlayingCard_swift":"Opponent used Swift Movement.","chooseBoard":"Choose a Board","ability_0":"Adds 2-4 to dice roll.","rollDiceButtonText":"Roll!","credit_sfx":"<color=green>Sound Effects</color>\nfreesound.org","unpauseGame":"Press to Resume Game","assessmentGame_rollInstruction":"Roll the dice 3 times. The results will be recorded. If all 3 values have the same probability, you will roll 3 new values.\nRolls remaining: ","encounter_loseTurn":"LOST A TURN","howManyPlayers":"How many opponents?","selectRollDiceButtonText":"Roll Dice","board_3":"T-Pattern\n10 spaces","encounter_starTaken":"WON A STAR!","miniLessonDetails_6":"Each total value on a pair of dice can only appear a certain number of times. For example, 2 and 12 only appear once, making them the rarest values. There are 36 combinations of dice rolls; this means that 2 and 12 each have a <color=#17e1e8>1/36</color> (or 2.78%) chance of being rolled.","encounter_title":"Time For An Encounter!","enterName":"Choose your name.","miniLessonDetails_5":"Looks like a card was used on you. You can move the mouse cursor over the card to see more details about the effect. Most card effects last for 1 round.","chooseColor":"Choose a Color","threePlayers":"2 Opponents","nextButtonText":"Next","randomName":"Random","miniLessonDetails_17":"Remember that the dice probability of each value is how often a value is rolled on a pair of dice. For example, a value of 10 has a 3/36 (or 1/12) chance of being rolled, because 10 only appears 3 times out of 36 possibilities.","noCardsInDeck":"NO MORE CARDS!","encounter_starStolen":"STAR LOST...","rollingDice":"Opponent is rolling.","tip_7":"You can use this card to move around the board quickly, or not move at all!","gamePaused":"GAME PAUSED","aiDiscardingCards":"Opponent is choosing cards to discard.","lessonTitle_0":"What is Probability?","lessonDetails_2":"60% can be read as 60/100. 10% is 10/100.\n\n0% = 0/100 = 0.\n\n100% = 100/100 = 1.\n\nProbability percentages are always a value between 0% and 100%.","confirmName":"OK","lessonTitle_8":"Tips for Winning the Game","modName_5":"Homeless","cantRollDice":"Can't roll dice this turn!","modName_2":"Rigged Caches","lowButtonText":"Low","cardName_2":"Move 2","usingRefillCard_noSpace":"No valid space! The arrow shows your current direction.","miniLessonDetails_2":"Great, you've made it to <color=#17e1e8>Home</color>. The Home space will always give you a star.\n\nOn the final round, be the first player to reach Home with at least 10 stars to win the game!","tutorial_home":"Players start and end the game on Home. Passing through Home always grants a star.","aiPlayingCard_move2":"Opponent used Move 2.","modName_3":"Cards Overflowing","pieceColor_purple":"Purple","encounter_defender":"Defender: ","lessonTitle_3":"How to Read Fractions","tip_4":"The player with the most stars has no reason to use this card.","miniLessonDetails_12":"The winner will gain a star if they were the attacker. If the attacker loses, they will lose all cards, or a turn if they have no cards.\n\nA player that loses their turn will not get a star or a card from their space.","choosePanel":"Click on a player panel to choose a target.","ability_7":"Move to the same space as the nearest player. Do not roll the dice this turn.","totalCards":"TOTAL CARDS","ability_1":"Target player moves 1 space, and does not roll the dice this turn.","format_fraction":"Fraction","pieceColor_green":"Green","lessonDetails_8":"Looks like you didn’t win. That’s OK; not every battle is won in games, or in life! Here are some general tips to improve your chances:\n\n* When choosing a route, aim for the space with the highest chance of granting a star. The move count is displayed for you to figure out where you should go!\n\n* The <color=#17e1e8>Jump</color> card is powerful. Use it as much as you can, and try to be creative with it!\n\n* If there’s a space you really want to land on, using a <color=#17e1e8>Move</color> card on yourself may help you reach it.\n\n* During the High/Low game, remember that if the revealed value is very high, then it’s likely that the hidden value is going to be low! When the revealed value is very low, go high!","miniLessonDetails_8":"When the probability is 0.5, it means you have an <color=#17e1e8>equal chance</color> of obtaining or not obtaining a star. You got lucky this time!","miniLessonDetails_20":"That's not quite right. Here are some helpful tips:\n* Use the slider's <color=#17e1e8>handle</color> to determine how close it is to 0 or 1.\n* Use the probability format button to change how the values are shown to you on the slider.\nYou will now roll 3 new values.","showWinner":" is the winner!","newGame":"New Game","totalRolls":"TOTAL ROLLS","discardButtonText":"Discard Card","miniLessonDetails_11":"How did the encounter go? The loser of the encounter will suffer <color=#17e1e8>one</color> of the following effects, in order:\n1. Lose a star (defender only)\n2. Lose all cards (if there are no stars to take).\n3. Lose a turn (if there are no cards to lose).","cardName_5":"Refill!","usingRefillCard":"Here's the space you're targeting. The arrow shows your current direction.","pieceColor_blue":"Blue","starGet":"GOT A STAR!","miniLessonDetails_22":"You made it to the <color=#17e1e8>Extra Round</color>! In an EX Round, cards can't be used, and Star Caches always grant stars. The first player to reach Home ends the game, and the winner is the player with the most stars. Good luck!","credit_art":"<color=green>Art</color>\nMike Murray","playCardButtonText":"Play Card","aiPlayingCard_extend":"Opponent used Extend!","swiftMove":"SWIFT MOVE","aiPlayingCard_refill":"Opponent used Refill!","highButtonText":"High","assessmentGame_rollResultsValueLabel":"Value","aiPlayingCard_jump":"Opponent used Jump!","encounter_allCardsDiscarded":"GOODBYE CARDS","nextRoundText":"Round ","rollDiceButtonTextForcedMove":"Move","encounter_instructions":"Is the hidden card's value higher or lower than the card on the left?","credit_music":"<color=green>Music</color>\nOzuka Music - ozukamusic.itch.io","pieceColor_yellow":"Gold","board_2":"S-Pattern\n16 spaces","drawGame":"Draw...","miniLessonDetails_1":"You've landed on the <color=#17e1e8>Draw Card</color> space. Use cards to help you gain stars! You can hold up to 5 cards, and must discard any extra cards. Don't worry, you'll get to choose which cards to keep.\n\nSome boards have spaces that will let you draw 2 cards at a time.","ability_6":"Move to Home.","ability_3":"Target player moves 3 spaces, and does not roll the dice this turn.","miniLessonDetails_10":"Pay special attention to the values on the 'High' and 'Low' buttons. They may help you to figure out the likely answer. Good luck!","credit_program":"<color=green>Programmer</color>\nMike Murray","format_percent":"Percent","cardName_6":"Go Home!","lookingAtHand":"Opponent is looking at their cards.","lessonTitle_1":"Probability in Real Life","aiPlayingCard_move1":"Opponent used Move 1.","cardName_4":"Extend!","tip_6":"If you have at least 9 stars and it's the last round, congratulations!","returnTitleButtonText":"Return to Title","ability_5":"The nearest Star Cache ahead of you with a probability of 0.5 or less becomes 1.","cardName_3":"Move 3","modName_4":"Rarer Stars","extraMode_details":"If you turn on this mode, opponents will start with some stars, and each board will have a unique effect that bends the rules a bit. <color=#e55654>Not recommended for new players!</color>","credit_gameDesign":"<color=green>Lead Game Designer</color>\nMike Murray","usingJumpCard":"This is your destination.","encounter_attacker":"Attacker: ","lessonTitle_12":"Star Cache","encounter_lowToHigh":"Lowest possible value: 1\nHighest possible value: 10","lessonTitle_14":"Rounds","extraMode":"Extra Mode","board_1":"Horned\n24 spaces","miniLessonDetails_21":"It appears all values are equal. Roll 3 new values.","assessmentGame_rollResultsLabel":"Roll Results","miniLessonDetails_3":"Oops, looks like you didn't get a star this time. That's because the probability wasn't high enough.\n\nIf the probability is closer to 0, then it's <color=#17e1e8>unlikely</color> you will receive a star. If it's closer to 1, then you're <color=#17e1e8>more likely</color> to get a star.","miniLessonDetails_18":"After rolling 3 times, you will be asked to find the value whose probability is closest to either 0 or 1. To make things a little challenging, the dice probability of each result will be randomly shown as a fraction, decimal, or percentage. Good luck!","lessonDetails_1":"Probability is used heavily in the following:\n\n* Card games\n* Video games (like this one!)\n* Meteorology (weather forecasts)\n* Lotteries\n* Elections\n* Medical procedures\n\nAnd more!","cardName_1":"Move 1","tip_1":"Don't be afraid to use this card on yourself if it will help you!","tooManyCards":"Too many cards! Cards to discard: ","lessonTitle_2":"How to Read Percentages","aiPlayingCard_move3":"Opponent used Move 3.","miniLessonDetails_15":"You may have seen percentages or fractions before, such as on test scores. Decimal probability values aren't as common in everyday scenarios, but it's good to understand how to read them.","pieceColor_white":"White"},"es":{"lessonDetails_0":"La probabilidad es la probabilidad de que ocurra un evento determinado. Usamos los valores <color=#17e1e8>0</color> y <color=#17e1e8>1</color> para representar las probabilidades de que ocurra un evento.\n\n0 significa que un evento nunca va a ocurrir, mientras que 1 significa que se garantiza que un evento ocurrirá. Un valor más cercano a 0 significa que es <color=#17e1e8>poco probable que ocurra un evento</color>. Un valor que esté más cerca de 1 es <color=#17e1e8>es probable que</color> ocurra.\n\nEl valor <color= #17e1e8>0.5</color> significa que <color=#17e1e8 >es igual o improbable de que se produzca un evento.</color>","modName_1":"Saltos aleatorios","restartGameButtonText":"Vuelve a jugar","tip_0":"¡Esta carta es útil para cancelar los efectos de «Mover 1/2/3»!","board_0":"Estándar 16 espacios","tutorial_encounter":"Encuentros","assessmentGame_question1":"<color=#17e1e8> ¿Cuál de los tres valores de los dados tiene una probabilidad más cercana a 1?</color> Haga clic en el valor correcto de arriba.\n* Si ves 2 respuestas correctas, elige una de ellas.\n* Usa el control deslizante de abajo para ayudarte a encontrar la respuesta.","board_5":"Patrón R 11 espacios","aiPlayingCard_goHome":"El oponente usó Ir a Casa!","assessmentGame_answerEqual":"Los tres valores son iguales.","lessonDetails_3":"Si la diferencia entre el numerador y el denominador es grande, entonces la fracción es un valor más cercano a 0. Si la diferencia es pequeña, entonces el valor está más cerca de 1.\n\nSi hay un alijo estelar con una probabilidad de 1/10 y otro con 1/2:\n\n1/10 = 1 probabilidad de cada 10 intentos de conseguir una estrella.\n\n1/2 = 1 oportunidad en 2 intentos.\n\n1/2 es mejor, ya que puedes obtener una estrella con menos intentos.","miniLessonDetails_0":"¡Qué bonito! Has aterrizado en un <color=#17e1e8>caché estelar</color> y has conseguido una estrella. El número del espacio se denomina probabilidad <color=#19E650>y</color> cambiará cada vez que caigas en un caché estelar.\n\nLa probabilidad puede ser cualquier valor comprendido entre 0 y 1.","skipCardButtonText":"No utilice la tarjeta","resumeGame":"Reanudar juego","miniLessonDetails_4":"Las cartas se utilizan principalmente para obtener estrellas. Al mover el cursor del ratón sobre una carta, puedes ver sus efectos, así como una sugerencia sobre cómo se puede usar la carta.","closeButtonText":"Cerrar","modName_0":"Hambriento","noStar":"SIN SUERTE...","credit_main":"<color=lightblue>Alcanza las estrellas</color>, creado por Mike Murray\nking9999.itch.io","exitGameButtonText":"Juego nuevo","ability_4":"+1 ronda en este juego.","miniLessonDetails_13":"Cuando el valor visible es alto, es más probable que el valor oculto sea bajo.\nCuando el valor visible es bajo, es más probable que el valor oculto sea alto.\n\nPero recuerda: <color=#17e1e8> ¡«más probable» no significa «garantizado»!</color>","encounter_aiPlayingEncounterGame":"Tus oponentes se han encontrado.","credit_ui":"<color=green>Diseñador de interfaz de usuario</color>\nMike Murray","miniLessonDetails_19":"¡Correcto! Tienes una sólida comprensión de la probabilidad. ¡A la siguiente ronda!","lostTurn":"¡NO HAY ACCIÓN ESTE TURNO!","drewCard":"SACÓ UNA CARTA","lessonDetails_17":"Tu objetivo es conseguir más estrellas que tus oponentes, ya sea aterrizando en ciertos espacios o robándoselas a otros jugadores.\n\nObtener una estrella siempre implica una probabilidad de <color= #17e1e8 >,</color> ¡lo que significa que es posible que no siempre obtengas una estrella cuando la esperas!\n\nUsa los dados para moverte por el tablero y las cartas para ayudarte a obtener la ventaja.","tip_5":"Esta tarjeta solo busca en la dirección en la que viajas.","pieceColor_red":"Rojo","format_decimal":"Decimal","pieceColor_teal":"Verde azulado","cardName_0":"Movimiento rápido","miniLessonDetails_9":"¡Hay un oponente en tu espacio! ¡Es hora de un minijuego! Verás 2 cartas; elige si el valor oculto de una carta es mayor o menor que el valor visible de la otra carta.","pieceColor_black":"Negro","encounter_starsProtected":"ESTRELLAS PROTEGIDAS!","lessonTitle_9":"¡Bienvenido a Reach For The Stars!","miniLessonDetails_14":"Por cierto, ¿has intentado usar este botón? Puede cambiar la forma en que se muestra la probabilidad.\n\nLa probabilidad se puede ver como <color=#17e1e8>decimal, porcentaje</color> o <color=#17e1e8>fracción.</color>","assessmentGame_diceProbLabel":"Probabilidad","extraMode_jumpChance":"Oportunidad de salto:","cardName_7":"¡Salta!","miniLessonDetails_7":"El botón «Registro de tiradas de dados» te permitirá ver la frecuencia con la que se tiró cada valor. ¡Haz clic en el botón de abajo y echa un vistazo!","credits":"Créditos","twoPlayers":"1 oponente","ability_2":"El jugador se mueve 2 espacios y no tira los dados este turno.","choosingRoute":"Haga clic en una flecha para elegir una ruta.","assessmentGame_question2":"<color= #17e1e8> ¿Cuál de los tres valores de los dados tiene una probabilidad más cercana a 0?</color> Haga clic en el valor correcto de arriba.\n* Si ves 2 respuestas correctas, elige una de ellas.\n* Usa el control deslizante de abajo para ayudarte a encontrar la respuesta.","board_4":"Patrón A 18 espacios","aiChooseRoute":"El oponente está eligiendo la ruta.","miniLessonDetails_16":"Antes de seguir jugando, comprobemos tu comprensión de la probabilidad hasta el momento. Vas a lanzar los dados 3 veces; se registrarán los resultados y su probabilidad de <color=#17e1e8>en los dados</color>.","backButtonText":"Espalda","aiPlayingCard_swift":"El oponente usó Movimiento Rápido.","chooseBoard":"Elige un tablero","ability_0":"Añade 2-4 a la tirada de dados.","rollDiceButtonText":"¡Rueda!","credit_sfx":"<color=green>Efectos de sonido</color>\nfreesound.org","unpauseGame":"Presiona para reanudar el juego","assessmentGame_rollInstruction":"Tira los dados 3 veces. Se registrarán los resultados. Si los 3 valores tienen la misma probabilidad, sacarás 3 valores nuevos.\nRollos restantes: ","encounter_loseTurn":"PERDIÓ UN TURNO","howManyPlayers":"¿Cuántos oponentes?","selectRollDiceButtonText":"Tira los dados","board_3":"Patrón en T 10 espacios","encounter_starTaken":"¡GANÓ UNA ESTRELLA!","miniLessonDetails_6":"Cada valor total de un par de dados solo puede aparecer un número determinado de veces. Por ejemplo, 2 y 12 solo aparecen una vez, lo que los convierte en los valores más raros. Hay 36 combinaciones de tiradas de dados; esto significa que 2 y 12 tienen una probabilidad de <color=#17e1e8>1/36 (o un 2.78%) de salir cada</color> una.","encounter_title":"¡Es hora de un encuentro!","enterName":"Elige tu nombre.","miniLessonDetails_5":"Parece que usaron una tarjeta contra ti. Puedes mover el cursor del ratón sobre la tarjeta para ver más detalles sobre el efecto. La mayoría de los efectos de las cartas duran 1 ronda.","chooseColor":"Elige un color","threePlayers":"2 oponentes","nextButtonText":"Próximo","randomName":"Aleatorio","miniLessonDetails_17":"Recuerda que la probabilidad de cada valor en los dados es la frecuencia con la que se lanza un valor en un par de dados. Por ejemplo, un valor de 10 tiene una probabilidad de 3/36 (o 1/12) de salir, porque 10 solo aparece 3 veces de las 36 posibilidades.","noCardsInDeck":"¡NO HAY MÁS CARTAS!","encounter_starStolen":"ESTRELLA PERDIDA...","rollingDice":"El oponente está rodando.","tip_7":"Puedes usar esta carta para moverte rápidamente por el tablero, ¡o no moverte en absoluto!","gamePaused":"JUEGO PAUSADO","aiDiscardingCards":"El oponente elige las cartas que desea descartar.","lessonTitle_0":"¿Qué es la probabilidad?","lessonDetails_2":"El 60% se puede leer como 60/100. El 10% es 10/100.\n\n0% = 0/100 = 0.\n\n100% = 100/100 = 1.\n\nLos porcentajes de probabilidad son siempre un valor comprendido entre el 0% y el 100%.","confirmName":"DE ACUERDO","lessonTitle_8":"Consejos para ganar el juego","modName_5":"Vagabundo","cantRollDice":"¡No puedo tirar los dados este turno!","modName_2":"Cachés manipulados","lowButtonText":"Bajo","cardName_2":"Movimiento 2","usingRefillCard_noSpace":"¡No hay espacio válido! La flecha muestra la dirección actual.","miniLessonDetails_2":"Genial, has llegado a <color=#17e1e8>Home</color>. El espacio Home siempre te dará una estrella.\n\nEn la ronda final, ¡sé el primer jugador en llegar a casa con al menos 10 estrellas para ganar la partida!","tutorial_home":"Los jugadores comienzan y terminan el juego en casa. Pasar por Home siempre otorga una estrella.","aiPlayingCard_move2":"El oponente usó el movimiento 2.","modName_3":"Cartas rebosantes","pieceColor_purple":"Morado","encounter_defender":"Defensor: ","lessonTitle_3":"Cómo leer fracciones","tip_4":"El jugador con más estrellas no tiene ningún motivo para usar esta carta.","miniLessonDetails_12":"El ganador ganará una estrella si es el atacante. Si el atacante pierde, perderá todas las cartas, o un turno si no tiene cartas.\n\nUn jugador que pierda su turno no recibirá ni una estrella ni una carta de su espacio.","choosePanel":"Haz clic en el panel de un jugador para elegir un objetivo.","ability_7":"Muévete al mismo espacio que el jugador más cercano. No lances los dados este turno.","totalCards":"TOTAL DE TARJETAS","ability_1":"El jugador se mueve 1 espacio y no tira los dados este turno.","format_fraction":"Fracción","pieceColor_green":"Verde","lessonDetails_8":"Parece que no ganaste. No pasa nada; ¡no todas las batallas se ganan en los juegos o en la vida! Estos son algunos consejos generales para mejorar sus probabilidades:\n\n* Al elegir una ruta, apunta al espacio con más probabilidades de conseguir una estrella. ¡Se muestra el recuento de movimientos para que averigües adónde debes ir!\n\n* La carta <color= #17e1e8 >Brincar</color> es poderosa. ¡Úsalo tanto como puedas y trata de ser creativo con él!\n\n* Si hay un espacio en el que realmente quieras aterrizar, puedes usar una carta <color=#17e1e8>Mover</color> sobre ti mismo para llegar a él.\n\n* Durante el juego Alto/Bajo, recuerda que si el valor revelado es muy alto, ¡es probable que el valor oculto sea bajo! Cuando el valor revelado sea muy bajo, ¡sube!","miniLessonDetails_8":"Cuando la probabilidad es de 0.5, significa que tienes <color=#17e1e8>iguales probabilidades</color> de obtener o no una estrella. ¡Tuviste suerte esta vez!","miniLessonDetails_20":"Eso no está del todo bien. Estos son algunos consejos útiles:\n* Usa el identificador <color=#17e1e8>del control deslizante</color> para determinar qué tan cerca está de 0 o 1.\n* Utilice el botón de formato de probabilidad para cambiar la forma en que se muestran los valores en el control deslizante.\nAhora sacarás 3 valores nuevos.","showWinner":" ¡es el ganador!","newGame":"Juego nuevo","totalRolls":"TOTAL DE ROLLOS","discardButtonText":"Descartar tarjeta","miniLessonDetails_11":"¿Cómo fue el encuentro? El perdedor del encuentro sufrirá <color=#17e1e8>uno</color> de los siguientes efectos, en orden:\n1. Pierde una estrella (solo el defensor)\n2. Pierde todas las cartas (si no hay estrellas que llevarse).\n3. Pierde un turno (si no hay cartas que perder).","cardName_5":"¡Rellena!","usingRefillCard":"Este es el espacio al que te diriges. La flecha muestra la dirección actual.","pieceColor_blue":"Azul","starGet":"¡TENGO UNA ESTRELLA!","miniLessonDetails_22":"¡Has llegado a la <color=#17e1e8>Ronda Extra</color>! En una ronda EX, no se pueden usar cartas y los depósitos de estrellas siempre otorgan estrellas. El primer jugador en llegar a casa termina la partida y el ganador es el jugador con más estrellas. ¡Buena suerte!","credit_art":"<color=verde>Arte</color>\nMike Murray","playCardButtonText":"Juega a la carta","aiPlayingCard_extend":"¡El oponente usó Extender!","swiftMove":"MOVIMIENTO RÁPIDO","aiPlayingCard_refill":"¡El oponente usó Recarga!","highButtonText":"Alto","assessmentGame_rollResultsValueLabel":"Valor","aiPlayingCard_jump":"El oponente usó Brincar!","encounter_allCardsDiscarded":"TARJETAS DE DESPEDIDA","nextRoundText":"Redondear","rollDiceButtonTextForcedMove":"Mover","encounter_instructions":"¿El valor de la carta oculta es mayor o menor que el de la carta de la izquierda?","credit_music":"<color=verde>Música</color>\nMúsica de Ozuka - ozukamusic.itch.io","pieceColor_yellow":"Oro","board_2":"Patrón en S 16 espacios","drawGame":"Saca...","miniLessonDetails_1":"Has aterrizado en el espacio <color=#17e1e8>Dibujar cartas</color>. ¡Usa cartas para ayudarte a ganar estrellas! Puedes guardar hasta 5 cartas y debes descartar todas las cartas adicionales. No te preocupes, podrás elegir qué cartas conservar.\n\nAlgunos tableros tienen espacios que te permitirán robar 2 cartas a la vez.","ability_6":"Mudarse a casa.","ability_3":"El jugador  se mueve 3 espacios y no tira los dados este turno.","miniLessonDetails_10":"Preste especial atención a los valores de los botones «Alto» y «Bajo». Es posible que le ayuden a encontrar la respuesta más probable. ¡Buena suerte!","credit_program":"<color=green>Programador</color>\nMike Murray","format_percent":"Porcentaje","cardName_6":"¡Ve a casa!","lookingAtHand":"El oponente está mirando sus cartas.","lessonTitle_1":"Probabilidad en la vida real","aiPlayingCard_move1":"El oponente usó el movimiento 1.","cardName_4":"¡Extienda!","tip_6":"Si tienes al menos 9 estrellas y es la última ronda, ¡enhorabuena!","returnTitleButtonText":"Regresar al título","ability_5":"El alijo estelar más cercano a ti con una probabilidad de 0.5 o menos se convierte en 1.","cardName_3":"Movimiento 3","modName_4":"Estrellas más raras","extraMode_details":"Si activas este modo, los oponentes empezarán con algunas estrellas y cada tablero tendrá un efecto único que alterará un poco las reglas. <color=#e55654> ¡No recomendado para jugadores nuevos!</color>","credit_gameDesign":"<color=green>Diseñador principal del juego</color>\nMike Murray","usingJumpCard":"Este es tu destino.","encounter_attacker":"Atacante: ","lessonTitle_12":"Caché de estrellas","encounter_lowToHigh":"Valor más bajo posible: 1\nValor más alto posible: 10","lessonTitle_14":"Rondas","extraMode":"Modo extra","board_1":"Astado 24 espacios","miniLessonDetails_21":"Parece que todos los valores son iguales. Saca 3 valores nuevos.","assessmentGame_rollResultsLabel":"Resultados de la tirada","miniLessonDetails_3":"Vaya, parece que esta vez no conseguiste una estrella. Eso se debe a que la probabilidad no era lo suficientemente alta.\n\nSi la probabilidad está más cerca de 0, es <color=#17e1e8>poco probable</color> que recibas una estrella. Si está más cerca de 1, entonces <color=#17e1e8 >es más probable que</color> obtengas una estrella.","miniLessonDetails_18":"Después de tirar 3 veces, se te pedirá que encuentres el valor cuya probabilidad esté más cerca de 0 o 1. Para complicar un poco las cosas, la probabilidad de cada resultado en los dados se mostrará aleatoriamente como una fracción, un decimal o un porcentaje. ¡Buena suerte!","lessonDetails_1":"La probabilidad se utiliza en gran medida en los siguientes casos:\n\n* Juegos de cartas\n* Videojuegos (¡como este!)\n* Meteorología (pronósticos meteorológicos)\n* Loterías\n* Elecciones\n* Procedimientos médicos\n\n¡Y más!","cardName_1":"Movimiento 1","tip_1":"¡No tengas miedo de usar esta tarjeta contigo mismo si te puede ayudar!","tooManyCards":"¡Demasiadas cartas! Cartas para descartar: ","lessonTitle_2":"Cómo leer porcentajes","aiPlayingCard_move3":"El oponente usó el movimiento 3.","miniLessonDetails_15":"Es posible que haya visto porcentajes o fracciones anteriormente, como en los puntajes de los exámenes. Los valores de probabilidad decimales no son tan comunes en los escenarios cotidianos, pero es bueno entender cómo leerlos.","pieceColor_white":"Blanco"}}